# upstream_commit	e56521e3234131a2c1639a74e2f15fff643acf30
upstream_path	area	kind	status	bulb_path	notes
.gitattributes	root	source	pending		
.github/APPROVED_CONTRIBUTORS	ci	ci	pending		
.github/ISSUE_TEMPLATE/bug.yml	ci	ci	pending		
.github/ISSUE_TEMPLATE/config.yml	ci	ci	pending		
.github/ISSUE_TEMPLATE/contribution.yml	ci	ci	pending		
.github/workflows/approve-contributor.yml	ci	ci	pending		
.github/workflows/build-binaries.yml	ci	ci	pending		
.github/workflows/ci.yml	ci	ci	pending		
.github/workflows/issue-gate.yml	ci	ci	pending		
.github/workflows/npm-audit.yml	ci	ci	pending		
.github/workflows/openclaw-gate.yml	ci	ci	pending		
.github/workflows/pr-gate.yml	ci	ci	pending		
.gitignore	root	source	pending		
.husky/pre-commit	root	source	pending		
.npmrc	root	source	pending		
.pi/extensions/prompt-url-widget.ts	root	source	pending		
.pi/extensions/redraws.ts	root	source	pending		
.pi/extensions/tps.ts	root	source	pending		
.pi/git/.gitignore	root	source	pending		
.pi/npm/.gitignore	root	source	pending		
.pi/prompts/cl.md	root	doc	pending		
.pi/prompts/is.md	root	doc	pending		
.pi/prompts/pr.md	root	doc	pending		
.pi/prompts/wr.md	root	doc	pending		
.pi/skills/add-llm-provider.md	root	doc	pending		
AGENTS.md	root	doc	pending		
CONTRIBUTING.md	root	doc	pending		
LICENSE	root	source	implemented	LICENSE	Preserved upstream MIT notice
README.md	root	doc	pending		
biome.json	root	source	pending		
package-lock.json	root	source	pending		
package.json	root	source	pending		
packages/agent/CHANGELOG.md	bulb_agent	doc	pending		
packages/agent/README.md	bulb_agent	doc	pending		
packages/agent/docs/agent-harness.md	bulb_agent	doc	pending		
packages/agent/docs/durable-harness.md	bulb_agent	doc	pending		
packages/agent/docs/hooks.md	bulb_agent	doc	pending		
packages/agent/docs/observability.md	bulb_agent	doc	pending		
packages/agent/package.json	bulb_agent	source	pending		
packages/agent/src/agent-loop.ts	bulb_agent	source	pending		
packages/agent/src/agent.ts	bulb_agent	source	in_progress	src/bulb_agent/root.zig	Initial streaming lifecycle state
packages/agent/src/harness/agent-harness.ts	bulb_agent	source	pending		
packages/agent/src/harness/compaction/branch-summarization.ts	bulb_agent	source	pending		
packages/agent/src/harness/compaction/compaction.ts	bulb_agent	source	pending		
packages/agent/src/harness/compaction/utils.ts	bulb_agent	source	pending		
packages/agent/src/harness/env/nodejs.ts	bulb_agent	source	pending		
packages/agent/src/harness/messages.ts	bulb_agent	source	pending		
packages/agent/src/harness/prompt-templates.ts	bulb_agent	source	pending		
packages/agent/src/harness/session/jsonl-repo.ts	bulb_agent	source	pending		
packages/agent/src/harness/session/jsonl-storage.ts	bulb_agent	source	pending		
packages/agent/src/harness/session/memory-repo.ts	bulb_agent	source	pending		
packages/agent/src/harness/session/memory-storage.ts	bulb_agent	source	pending		
packages/agent/src/harness/session/repo-utils.ts	bulb_agent	source	pending		
packages/agent/src/harness/session/session.ts	bulb_agent	source	pending		
packages/agent/src/harness/session/uuid.ts	bulb_agent	source	pending		
packages/agent/src/harness/skills.ts	bulb_agent	source	pending		
packages/agent/src/harness/system-prompt.ts	bulb_agent	source	pending		
packages/agent/src/harness/types.ts	bulb_agent	source	pending		
packages/agent/src/harness/utils/shell-output.ts	bulb_agent	source	pending		
packages/agent/src/harness/utils/truncate.ts	bulb_agent	source	pending		
packages/agent/src/index.ts	bulb_agent	source	pending		
packages/agent/src/node.ts	bulb_agent	source	pending		
packages/agent/src/proxy.ts	bulb_agent	source	pending		
packages/agent/src/types.ts	bulb_agent	source	pending		
packages/agent/test/agent-loop.test.ts	bulb_agent	test	pending		
packages/agent/test/agent.test.ts	bulb_agent	test	in_progress	src/bulb_agent/root.zig	Streaming-state guard cases started
packages/agent/test/e2e.test.ts	bulb_agent	test	pending		
packages/agent/test/harness/agent-harness-stream.test.ts	bulb_agent	test	pending		
packages/agent/test/harness/agent-harness.test.ts	bulb_agent	test	pending		
packages/agent/test/harness/compaction.test.ts	bulb_agent	test	pending		
packages/agent/test/harness/nodejs-env.test.ts	bulb_agent	test	pending		
packages/agent/test/harness/prompt-templates.test.ts	bulb_agent	test	pending		
packages/agent/test/harness/repo.test.ts	bulb_agent	test	pending		
packages/agent/test/harness/resource-formatting.test.ts	bulb_agent	test	pending		
packages/agent/test/harness/session-test-utils.ts	bulb_agent	test	pending		
packages/agent/test/harness/session-uuid.test.ts	bulb_agent	test	pending		
packages/agent/test/harness/session.test.ts	bulb_agent	test	pending		
packages/agent/test/harness/skills.test.ts	bulb_agent	test	pending		
packages/agent/test/harness/storage.test.ts	bulb_agent	test	pending		
packages/agent/test/harness/system-prompt.test.ts	bulb_agent	test	pending		
packages/agent/test/harness/truncate.test.ts	bulb_agent	test	pending		
packages/agent/test/scratch/simple.ts	bulb_agent	test	pending		
packages/agent/test/utils/calculate.ts	bulb_agent	test	pending		
packages/agent/test/utils/get-current-time.ts	bulb_agent	test	pending		
packages/agent/tsconfig.build.json	bulb_agent	source	pending		
packages/agent/vitest.config.ts	bulb_agent	source	pending		
packages/agent/vitest.harness.config.ts	bulb_agent	source	pending		
packages/ai/CHANGELOG.md	bulb_ai	doc	pending		
packages/ai/README.md	bulb_ai	doc	pending		
packages/ai/bedrock-provider.d.ts	bulb_ai	source	pending		
packages/ai/bedrock-provider.js	bulb_ai	source	pending		
packages/ai/package.json	bulb_ai	source	pending		
packages/ai/scripts/generate-image-models.ts	bulb_ai	source	pending		
packages/ai/scripts/generate-models.ts	bulb_ai	source	pending		
packages/ai/scripts/generate-test-image.ts	bulb_ai	source	pending		
packages/ai/src/api-registry.ts	bulb_ai	source	in_progress	src/bulb_ai/api_registry.zig	Native provider registration, dispatch, and unregister foundation
packages/ai/src/bedrock-provider.ts	bulb_ai	source	pending		
packages/ai/src/cli.ts	bulb_ai	source	pending		
packages/ai/src/env-api-keys.ts	bulb_ai	source	in_progress	src/bulb_ai/utils/env_api_keys.zig	Provider key map, precedence, explicit Vertex API keys, and Bedrock ambient credential markers ported; filesystem-backed gcloud ADC remains
packages/ai/src/image-models.generated.ts	bulb_ai	source	implemented	src/bulb_ai/image_models_generated.zig	OpenRouter image model snapshot ported from the frozen generated registry
packages/ai/src/image-models.ts	bulb_ai	source	implemented	src/bulb_ai/image_models.zig	Native image provider/model lookup, listing, and OpenRouter metadata regressions ported
packages/ai/src/images-api-registry.ts	bulb_ai	source	pending		
packages/ai/src/images.ts	bulb_ai	source	pending		
packages/ai/src/index.ts	bulb_ai	source	pending		
packages/ai/src/models.generated.ts	bulb_ai	source	implemented	src/bulb_ai/models_generated.zig	All 925 generated text model metadata entries ported into a static Zig snapshot
packages/ai/src/models.ts	bulb_ai	source	implemented	src/bulb_ai/models.zig	Native model lookup, provider/model iteration, cost calculation, thinking-level support, clamping, and equality helpers ported
packages/ai/src/oauth.ts	bulb_ai	source	pending		
packages/ai/src/providers/amazon-bedrock.ts	bulb_ai	source	pending		
packages/ai/src/providers/anthropic.ts	bulb_ai	source	in_progress	src/bulb_ai/providers/anthropic_sse.zig	Raw SSE decoder, Anthropic message-event filtering, malformed JSON repair, usage/stop mapping, text accumulation, and streamed tool-JSON reconstruction ported; HTTP/auth/request transform remains
packages/ai/src/providers/azure-openai-responses.ts	bulb_ai	source	in_progress	src/bulb_ai/providers/azure_openai_responses.zig	Azure Responses deployment-map resolution, base URL/resource/API-version normalization, request payload construction, prompt-cache key clamping, reasoning/simple option mapping, native std.http POST/SSE execution, deterministic transport, retry option propagation, and query-safe request URL assembly ported; response-header extraction, precise timeouts, and credentialed live cases remain
packages/ai/src/providers/cloudflare.ts	bulb_ai	source	in_progress	src/bulb_ai/providers/openai_completions.zig	Cloudflare provider detection and base URL environment placeholder substitution ported for OpenAI Completions client configuration; shared use by other providers remains
packages/ai/src/providers/faux.ts	bulb_ai	source	in_progress	src/bulb_ai/faux_provider.zig	Registration, models, queueing, factories, usage, cache simulation, registry dispatch, delta streams, aborts, and unregister ported; paced async delivery remains
packages/ai/src/providers/github-copilot-headers.ts	bulb_ai	source	in_progress	src/bulb_ai/providers/openai_completions.zig	Copilot initiator, intent, and vision-request dynamic header inference ported for OpenAI Completions client configuration; shared provider integrations remain
packages/ai/src/providers/google-shared.ts	bulb_ai	source	pending		
packages/ai/src/providers/google-vertex.ts	bulb_ai	source	pending		
packages/ai/src/providers/google.ts	bulb_ai	source	pending		
packages/ai/src/providers/images/openrouter.ts	bulb_ai	source	pending		
packages/ai/src/providers/images/register-builtins.ts	bulb_ai	source	pending		
packages/ai/src/providers/mistral.ts	bulb_ai	source	pending		
packages/ai/src/providers/openai-codex-responses.ts	bulb_ai	source	in_progress	src/bulb_ai/providers/openai_codex_responses.zig	Codex subscription request payload, JWT account extraction, Bulb-native subscription headers, URL/WebSocket URL resolution, SSE terminal-event normalization, prompt-cache affinity, reasoning/simple option mapping, native std.http POST/SSE execution with response-header capture, deterministic transport, retry classification, Retry-After parsing, delayed retry sleeps, delay calculation, service-tier pricing, WebSocket headers, WebSocket transport routing/fallback phases, cached continuation bodies, session debug store/snapshots, sticky SSE fallback memory, and provider_transport_failure diagnostics ported; live native WebSocket socket I/O and broader precise timeouts remain
packages/ai/src/providers/openai-completions.ts	bulb_ai	source	in_progress	src/bulb_ai/providers/openai_completions.zig	OpenAI-compatible compat detection, message/tool conversion, prompt cache fields, Anthropic cache markers, reasoning option mapping, tool_choice, response metadata, usage mapping, client config/header/base URL/request-option construction, stable tool-call delta coalescing, chunk-to-event parsing, native std.http POST/SSE execution, test transport, and retry policy ported; response-header extraction, precise timeouts, and live/provider edge cases remain
packages/ai/src/providers/openai-prompt-cache.ts	bulb_ai	source	implemented	src/bulb_ai/providers/openai_prompt_cache.zig	OpenAI prompt-cache key clamping and prompt-cache retention helpers ported with Unicode-aware truncation
packages/ai/src/providers/openai-responses-shared.ts	bulb_ai	source	in_progress	src/bulb_ai/providers/openai_responses_shared.zig	Responses input/tool conversion, fallback text-message IDs, foreign tool-call item hashing, tool-result image output shape, usage/stop mapping, and partial tool-JSON cleanup ported; broader event coverage remains
packages/ai/src/providers/openai-responses.ts	bulb_ai	source	in_progress	src/bulb_ai/providers/openai_responses.zig	Responses request payload builder, reasoning defaults, prompt-cache/session-affinity fields, client header/base URL/request-option construction, native std.http POST/SSE execution, test transport, retry policy, and service-tier cost multipliers ported; simple facade, response-header extraction, precise timeouts, and live/provider edge cases remain
packages/ai/src/providers/register-builtins.ts	bulb_ai	source	pending		
packages/ai/src/providers/simple-options.ts	bulb_ai	source	implemented	src/bulb_ai/providers/simple_options.zig	Native base-option copy, xhigh-to-high reasoning clamp, and thinking-budget token adjustment ported
packages/ai/src/providers/transform-messages.ts	bulb_ai	source	implemented	src/bulb_ai/providers/transform_messages.zig	Unsupported image downgrade, thinking replay transforms, tool-call ID normalization, errored-turn filtering, and synthetic missing tool results ported
packages/ai/src/session-resources.ts	bulb_ai	source	implemented	src/bulb_ai/session_resources.zig	Native cleanup registry with deduplication, unregister, and invoke-all error behavior
packages/ai/src/stream.ts	bulb_ai	source	in_progress	src/bulb_ai/stream.zig	Native registry facade and environment API-key injection ported; simple-provider facade remains
packages/ai/src/types.ts	bulb_ai	source	in_progress	src/bulb_ai/types.zig	Core messages, contexts, options, usage accounting, models, and stream event protocol started
packages/ai/src/utils/abort-signals.ts	bulb_ai	source	implemented	src/bulb_ai/utils/abort_signals.zig	Native polling composition preserves abort propagation and cleanup contract
packages/ai/src/utils/diagnostics.ts	bulb_ai	source	in_progress	src/bulb_ai/utils/diagnostics.zig	Diagnostic error formatting, thrown-value wrapping, details, and append semantics ported; portable wall-clock timestamp source remains
packages/ai/src/utils/event-stream.ts	bulb_ai	source	in_progress	src/bulb_ai/utils/event_stream.zig	Queued push/end/result semantics ported for native streams; async waiter integration remains with provider runtime
packages/ai/src/utils/hash.ts	bulb_ai	source	implemented	src/bulb_ai/utils/hash.zig	Exact JavaScript-compatible UTF-16 short hash port
packages/ai/src/utils/headers.ts	bulb_ai	source	implemented	src/bulb_ai/utils/headers.zig	Header entry iteration, duplicate overwrite behavior, and record lookup ported
packages/ai/src/utils/json-parse.ts	bulb_ai	source	in_progress	src/bulb_ai/utils/json_parse.zig	JSON literal repair and native partial-object completion ported; provider integration remains
packages/ai/src/utils/node-http-proxy.ts	bulb_ai	source	pending		
packages/ai/src/utils/oauth/anthropic.ts	bulb_ai	source	pending		
packages/ai/src/utils/oauth/device-code.ts	bulb_ai	source	implemented	src/bulb_ai/utils/oauth/device_code.zig	Immediate polling, minimum/default interval behavior, slow_down interval increases, cancellation, timeout diagnostics, and injectable clock/sleeper hooks ported
packages/ai/src/utils/oauth/github-copilot.ts	bulb_ai	source	pending		
packages/ai/src/utils/oauth/index.ts	bulb_ai	source	pending		
packages/ai/src/utils/oauth/oauth-page.ts	bulb_ai	source	implemented	src/bulb_ai/utils/oauth/oauth_page.zig	Shared OAuth success/error callback HTML, Bulb branding, and dynamic HTML escaping ported
packages/ai/src/utils/oauth/openai-codex.ts	bulb_ai	source	in_progress	src/bulb_ai/utils/oauth/openai_codex.zig	Codex device-code login, token exchange/refresh, JWT account extraction, provider login selector, request content-types, decoded auth input parsing, PKCE authorize URL construction, Bulb originator, native/fake HTTP transports, localhost callback server, BULB_OAUTH_CALLBACK_HOST override, callback route validation, and pasted-code fallback ported; concurrent manual-code race remains
packages/ai/src/utils/oauth/pkce.ts	bulb_ai	source	implemented	src/bulb_ai/utils/oauth/openai_codex.zig	Native random verifier generation and SHA-256 base64url challenge construction ported for Codex authorization URLs
packages/ai/src/utils/oauth/types.ts	bulb_ai	source	in_progress	src/bulb_ai/utils/oauth/openai_codex.zig	Native credential, device-code, auth, prompt, selector, callback-server, provider metadata, and transport structs added for OpenAI Codex OAuth; shared OAuth registry types remain
packages/ai/src/utils/overflow.ts	bulb_ai	source	implemented	src/bulb_ai/utils/overflow.zig	Provider error patterns, exclusions, silent overflow, and length-stop overflow ported
packages/ai/src/utils/sanitize-unicode.ts	bulb_ai	source	implemented	src/bulb_ai/utils/sanitize_unicode.zig	WTF-8 surrogate cleanup for native UTF-8 provider payloads
packages/ai/src/utils/typebox-helpers.ts	bulb_ai	source	implemented	src/bulb_ai/utils/typebox_helpers.zig	Native StringEnum helper emits provider-compatible JSON schema without TypeScript/TypeBox runtime
packages/ai/src/utils/validation.ts	bulb_ai	source	in_progress	src/bulb_ai/utils/validation.zig	Plain JSON schema primitive, nested object, array, and additional-property coercion ported; complete schema diagnostics remain
packages/ai/test/abort.test.ts	bulb_ai	test	pending		
packages/ai/test/anthropic-adaptive-thinking-models.test.ts	bulb_ai	test	pending		
packages/ai/test/anthropic-eager-tool-input-compat.test.ts	bulb_ai	test	pending		
packages/ai/test/anthropic-eager-tool-input-e2e.test.ts	bulb_ai	test	pending		
packages/ai/test/anthropic-empty-thinking-signature-compat.test.ts	bulb_ai	test	pending		
packages/ai/test/anthropic-force-adaptive-thinking.test.ts	bulb_ai	test	pending		
packages/ai/test/anthropic-long-cache-retention-e2e.test.ts	bulb_ai	test	pending		
packages/ai/test/anthropic-oauth.test.ts	bulb_ai	test	pending		
packages/ai/test/anthropic-opus-4-8-smoke.test.ts	bulb_ai	test	pending		
packages/ai/test/anthropic-sse-parsing.test.ts	bulb_ai	test	in_progress	src/bulb_ai/providers/anthropic_sse.zig	Raw malformed SSE JSON repair, streamed tool JSON repair, and unknown post-stop event regressions ported; full fake Anthropic client path remains
packages/ai/test/anthropic-temperature-compat.test.ts	bulb_ai	test	pending		
packages/ai/test/anthropic-thinking-disable.test.ts	bulb_ai	test	pending		
packages/ai/test/anthropic-tool-name-normalization.test.ts	bulb_ai	test	pending		
packages/ai/test/azure-openai-base-url.test.ts	bulb_ai	test	implemented	src/bulb_ai/providers/azure_openai_responses.zig	Azure Responses base URL normalization, invalid URL handling, resource-name default URL construction, deployment-name map parsing, prompt_cache_key clamping, API-version propagation, and query-preserving native request URL coverage ported without credentials
packages/ai/test/azure-utils.ts	bulb_ai	test	pending		
packages/ai/test/bedrock-convert-messages.test.ts	bulb_ai	test	pending		
packages/ai/test/bedrock-custom-headers.test.ts	bulb_ai	test	pending		
packages/ai/test/bedrock-endpoint-resolution.test.ts	bulb_ai	test	pending		
packages/ai/test/bedrock-models.test.ts	bulb_ai	test	pending		
packages/ai/test/bedrock-thinking-payload.test.ts	bulb_ai	test	pending		
packages/ai/test/bedrock-utils.ts	bulb_ai	test	pending		
packages/ai/test/cache-retention.test.ts	bulb_ai	test	in_progress	src/bulb_ai/providers/openai_responses.zig	Cache-retention resolver, Anthropic cache-control ttl, OpenAI prompt_cache_key, prompt_cache_retention helpers, and OpenAI Responses payload-builder capture ported with BULB_CACHE_RETENTION semantics; remaining provider branches stay incremental
packages/ai/test/cloudflare-utils.ts	bulb_ai	test	pending		
packages/ai/test/codex-websocket-cached-probe.ts	bulb_ai	test	pending		
packages/ai/test/context-overflow.test.ts	bulb_ai	test	pending		
packages/ai/test/cross-provider-handoff.test.ts	bulb_ai	test	pending		
packages/ai/test/data/red-circle.png	bulb_ai	test	pending		
packages/ai/test/empty.test.ts	bulb_ai	test	pending		
packages/ai/test/env-api-keys.test.ts	bulb_ai	test	implemented	src/bulb_ai/utils/env_api_keys.zig	Copilot generic-token exclusion and explicit credential resolution regression coverage ported
packages/ai/test/faux-provider.test.ts	bulb_ai	test	in_progress	src/bulb_ai/faux_provider.zig	Native regression coverage ported for models, metadata, queues, factories, usage, cache simulation, stream events, aborts, and unregister
packages/ai/test/fireworks-models.test.ts	bulb_ai	test	in_progress	src/bulb_ai/models.zig	Generated Fireworks model metadata, env-key mapping, and router discovery ported; Anthropic request compatibility tests remain with provider transport
packages/ai/test/github-copilot-anthropic.test.ts	bulb_ai	test	pending		
packages/ai/test/github-copilot-oauth.test.ts	bulb_ai	test	pending		
packages/ai/test/google-shared-convert-tools.test.ts	bulb_ai	test	pending		
packages/ai/test/google-shared-gemini3-unsigned-tool-call.test.ts	bulb_ai	test	pending		
packages/ai/test/google-shared-image-tool-result-routing.test.ts	bulb_ai	test	pending		
packages/ai/test/google-thinking-disable.test.ts	bulb_ai	test	pending		
packages/ai/test/google-thinking-signature.test.ts	bulb_ai	test	pending		
packages/ai/test/google-vertex-api-key-resolution.test.ts	bulb_ai	test	pending		
packages/ai/test/image-tool-result.test.ts	bulb_ai	test	pending		
packages/ai/test/images.test.ts	bulb_ai	test	pending		
packages/ai/test/interleaved-thinking.test.ts	bulb_ai	test	pending		
packages/ai/test/lazy-module-load.test.ts	bulb_ai	test	pending		
packages/ai/test/mistral-reasoning-mode.test.ts	bulb_ai	test	pending		
packages/ai/test/mistral-tool-schema.test.ts	bulb_ai	test	pending		
packages/ai/test/node-http-proxy.test.ts	bulb_ai	test	pending		
packages/ai/test/oauth-device-code.test.ts	bulb_ai	test	implemented	src/bulb_ai/utils/oauth/device_code.zig	Immediate first poll, delayed second poll, completion, and cancellation regressions ported with deterministic native clock/sleeper hooks
packages/ai/test/oauth.ts	bulb_ai	test	pending		
packages/ai/test/openai-codex-cache-affinity-e2e.test.ts	bulb_ai	test	pending		
packages/ai/test/openai-codex-oauth.test.ts	bulb_ai	test	implemented	src/bulb_ai/utils/oauth/openai_codex.zig	Device-code login, provider method selection, cancellation, timeout, 403/404 pending handling, poll failure body propagation, token refresh failure diagnostics, and account-id extraction ported
packages/ai/test/openai-codex-stream.test.ts	bulb_ai	test	in_progress	src/bulb_ai/providers/openai_codex_responses.zig	SSE payload/header contract, session affinity, prompt-cache clamp, JWT account extraction, terminal-event mapping, service-tier multipliers, simple xhigh reasoning, transient retry classification, delay cap, Retry-After headers, exponential retry execution, response-header extraction, WebSocket header, auto WebSocket routing, before-start fallback, after-start idle error, provider_transport_failure diagnostic details, cached-context delta regressions, session debug snapshots, and sticky WebSocket-to-SSE fallback memory ported; live native WebSocket socket I/O cases remain
packages/ai/test/openai-completions-cache-control-format.test.ts	bulb_ai	test	implemented	src/bulb_ai/providers/openai_completions.zig	Anthropic-style cache_control markers on instruction messages, last tools, and last conversation content ported with cacheRetention none coverage
packages/ai/test/openai-completions-empty-tools.test.ts	bulb_ai	test	in_progress	src/bulb_ai/providers/openai_completions.zig	Empty tool omission, explicit max token field selection, tool-history tools: [], Cloudflare AI Gateway /compat construction, BYOK Authorization preservation, and gateway session-affinity regressions ported; request execution now covered separately by the native retry harness, with provider-specific execution cases remaining
packages/ai/test/openai-completions-prompt-cache.test.ts	bulb_ai	test	implemented	src/bulb_ai/providers/openai_completions.zig	Prompt cache key/retention fields, Unicode-safe clamping, proxy compatibility, Bulb cache environment semantics, and session-affinity generated/override/none cases now run through the native stream request-capture transport
packages/ai/test/openai-completions-response-model.test.ts	bulb_ai	test	implemented	src/bulb_ai/providers/openai_completions.zig	Routed chunk.model is exposed as response_model while preserving the requested model id
packages/ai/test/openai-completions-retry.test.ts	bulb_ai	test	implemented	src/bulb_ai/providers/openai_completions.zig	SDK retry option propagation translated to native transport max_retries/timeout recording, with transient HTTP status retry behavior covered by a deterministic fake transport
packages/ai/test/openai-completions-thinking-as-text.test.ts	bulb_ai	test	in_progress	src/bulb_ai/providers/openai_completions.zig	Thinking replay to assistant text parts ported; endpoint/SSE transport regression remains
packages/ai/test/openai-completions-tool-choice.test.ts	bulb_ai	test	in_progress	src/bulb_ai/providers/openai_completions.zig	toolChoice forwarding, strict-tool omission, reasoning effort mapping, z.ai tool_stream payloads, non-standard finish_reason errors, null/truncated stream handling, reasoning signatures, cache-write usage, and stable/parallel tool-call deltas ported; remaining live/provider client cases remain
packages/ai/test/openai-completions-tool-result-images.test.ts	bulb_ai	test	implemented	src/bulb_ai/providers/openai_completions.zig	Consecutive tool-result images are batched into a follow-up user image message for vision-capable OpenAI-compatible models
packages/ai/test/openai-responses-cache-affinity-e2e.test.ts	bulb_ai	test	pending		
packages/ai/test/openai-responses-copilot-provider.test.ts	bulb_ai	test	implemented	src/bulb_ai/providers/openai_responses.zig	Responses provider defaults, no-reasoning Copilot behavior, OpenAI off-reasoning matrix, cache-affinity header generation/override/none cases, prompt-cache-key clamping, and service-tier cost multipliers ported through native payload and fake transport tests
packages/ai/test/openai-responses-foreign-toolcall-id.test.ts	bulb_ai	test	implemented	src/bulb_ai/providers/openai_responses_shared.zig	Foreign Copilot Responses tool-call item IDs are normalized to bounded fc_<shortHash> identifiers while preserving call IDs
packages/ai/test/openai-responses-message-id.test.ts	bulb_ai	test	implemented	src/bulb_ai/providers/openai_responses_shared.zig	Responses replay conversion emits unique fallback msg_pi IDs for multiple assistant text blocks produced from one prior turn
packages/ai/test/openai-responses-partial-json-cleanup.test.ts	bulb_ai	test	implemented	src/bulb_ai/providers/openai_responses_shared.zig	Responses function-call streaming finalization parses partial JSON and persists only final arguments without the scratch buffer
packages/ai/test/openai-responses-reasoning-replay-e2e.test.ts	bulb_ai	test	pending		
packages/ai/test/openai-responses-tool-result-images.test.ts	bulb_ai	test	pending		
packages/ai/test/openrouter-cache-write-repro.test.ts	bulb_ai	test	in_progress	src/bulb_ai/providers/openai_completions.zig	Cache-write token preservation ported in native OpenAI completions usage parsing; credentialed OpenRouter E2E remains opt-in
packages/ai/test/openrouter-images.test.ts	bulb_ai	test	in_progress	src/bulb_ai/image_models.zig	OpenRouter image model metadata and registry lookup coverage started; image generation transport tests remain
packages/ai/test/overflow.test.ts	bulb_ai	test	implemented	src/bulb_ai/utils/overflow.zig	Explicit provider, exclusion, silent, and length-stop overflow regressions ported
packages/ai/test/responseid.test.ts	bulb_ai	test	pending		
packages/ai/test/stream.test.ts	bulb_ai	test	pending		
packages/ai/test/supports-xhigh.test.ts	bulb_ai	test	implemented	src/bulb_ai/models.zig	Supported thinking-level matrix ported against the generated model snapshot
packages/ai/test/together-models.test.ts	bulb_ai	test	implemented	src/bulb_ai/models.zig	Together metadata, thinking-level maps, compat flags, and env-key coverage ported
packages/ai/test/tokens.test.ts	bulb_ai	test	pending		
packages/ai/test/tool-call-id-normalization.test.ts	bulb_ai	test	in_progress	src/bulb_ai/providers/transform_messages.zig	Exact long OpenAI Responses ID normalization and tool-result remapping ported without credentialed live handoff; opt-in provider handoff remains
packages/ai/test/tool-call-without-result.test.ts	bulb_ai	test	pending		
packages/ai/test/total-tokens.test.ts	bulb_ai	test	in_progress	src/bulb_ai/types.zig	Total token accounting invariant started
packages/ai/test/transform-messages-copilot-openai-to-anthropic.test.ts	bulb_ai	test	implemented	src/bulb_ai/providers/transform_messages.zig	Copilot OpenAI-to-Anthropic thinking conversion, thought-signature stripping, ID normalization, and synthetic tool-result cases ported
packages/ai/test/unicode-surrogate.test.ts	bulb_ai	test	pending		
packages/ai/test/validation.test.ts	bulb_ai	test	in_progress	src/bulb_ai/utils/validation.zig	Serialized plain-schema primitive coercion and rejection cases ported with additional nested coverage
packages/ai/test/xhigh.test.ts	bulb_ai	test	pending		
packages/ai/test/xiaomi-models.test.ts	bulb_ai	test	implemented	src/bulb_ai/models.zig	MiMo billing-provider and token-plan omission regressions ported
packages/ai/test/xiaomi-token-plan-ams-anthropic-empty-signature-smoke.test.ts	bulb_ai	test	pending		
packages/ai/test/zen.test.ts	bulb_ai	test	pending		
packages/ai/tsconfig.build.json	bulb_ai	source	pending		
packages/ai/vitest.config.ts	bulb_ai	source	pending		
packages/coding-agent/.gitignore	bulb_coding_agent	source	pending		
packages/coding-agent/CHANGELOG.md	bulb_coding_agent	doc	pending		
packages/coding-agent/README.md	bulb_coding_agent	doc	pending		
packages/coding-agent/docs/compaction.md	bulb_coding_agent	doc	pending		
packages/coding-agent/docs/custom-provider.md	bulb_coding_agent	doc	pending		
packages/coding-agent/docs/development.md	bulb_coding_agent	doc	pending		
packages/coding-agent/docs/docs.json	bulb_coding_agent	source	pending		
packages/coding-agent/docs/extensions.md	bulb_coding_agent	doc	pending		
packages/coding-agent/docs/images/doom-extension.png	bulb_coding_agent	source	pending		
packages/coding-agent/docs/images/exy.png	bulb_coding_agent	source	pending		
packages/coding-agent/docs/images/interactive-mode.png	bulb_coding_agent	source	pending		
packages/coding-agent/docs/images/tree-view.png	bulb_coding_agent	source	pending		
packages/coding-agent/docs/index.md	bulb_coding_agent	doc	pending		
packages/coding-agent/docs/json.md	bulb_coding_agent	doc	pending		
packages/coding-agent/docs/keybindings.md	bulb_coding_agent	doc	pending		
packages/coding-agent/docs/models.md	bulb_coding_agent	doc	pending		
packages/coding-agent/docs/packages.md	bulb_coding_agent	doc	pending		
packages/coding-agent/docs/prompt-templates.md	bulb_coding_agent	doc	pending		
packages/coding-agent/docs/providers.md	bulb_coding_agent	doc	pending		
packages/coding-agent/docs/quickstart.md	bulb_coding_agent	doc	pending		
packages/coding-agent/docs/rpc.md	bulb_coding_agent	doc	pending		
packages/coding-agent/docs/sdk.md	bulb_coding_agent	doc	pending		
packages/coding-agent/docs/session-format.md	bulb_coding_agent	doc	pending		
packages/coding-agent/docs/sessions.md	bulb_coding_agent	doc	pending		
packages/coding-agent/docs/settings.md	bulb_coding_agent	doc	pending		
packages/coding-agent/docs/shell-aliases.md	bulb_coding_agent	doc	pending		
packages/coding-agent/docs/skills.md	bulb_coding_agent	doc	pending		
packages/coding-agent/docs/terminal-setup.md	bulb_coding_agent	doc	pending		
packages/coding-agent/docs/termux.md	bulb_coding_agent	doc	pending		
packages/coding-agent/docs/themes.md	bulb_coding_agent	doc	pending		
packages/coding-agent/docs/tmux.md	bulb_coding_agent	doc	pending		
packages/coding-agent/docs/tui.md	bulb_coding_agent	doc	pending		
packages/coding-agent/docs/usage.md	bulb_coding_agent	doc	pending		
packages/coding-agent/docs/windows.md	bulb_coding_agent	doc	pending		
packages/coding-agent/examples/README.md	bulb_coding_agent	example	pending		
packages/coding-agent/examples/extensions/README.md	bulb_coding_agent	example	pending		
packages/coding-agent/examples/extensions/auto-commit-on-exit.ts	bulb_coding_agent	example	pending		
packages/coding-agent/examples/extensions/bash-spawn-hook.ts	bulb_coding_agent	example	pending		
packages/coding-agent/examples/extensions/bookmark.ts	bulb_coding_agent	example	pending		
packages/coding-agent/examples/extensions/border-status-editor.ts	bulb_coding_agent	example	pending		
packages/coding-agent/examples/extensions/built-in-tool-renderer.ts	bulb_coding_agent	example	pending		
packages/coding-agent/examples/extensions/claude-rules.ts	bulb_coding_agent	example	pending		
packages/coding-agent/examples/extensions/commands.ts	bulb_coding_agent	example	pending		
packages/coding-agent/examples/extensions/confirm-destructive.ts	bulb_coding_agent	example	pending		
packages/coding-agent/examples/extensions/custom-compaction.ts	bulb_coding_agent	example	pending		
packages/coding-agent/examples/extensions/custom-footer.ts	bulb_coding_agent	example	pending		
packages/coding-agent/examples/extensions/custom-header.ts	bulb_coding_agent	example	pending		
packages/coding-agent/examples/extensions/custom-provider-anthropic/.gitignore	bulb_coding_agent	example	pending		
packages/coding-agent/examples/extensions/custom-provider-anthropic/index.ts	bulb_coding_agent	example	pending		
packages/coding-agent/examples/extensions/custom-provider-anthropic/package-lock.json	bulb_coding_agent	example	pending		
packages/coding-agent/examples/extensions/custom-provider-anthropic/package.json	bulb_coding_agent	example	pending		
packages/coding-agent/examples/extensions/custom-provider-gitlab-duo/.gitignore	bulb_coding_agent	example	pending		
packages/coding-agent/examples/extensions/custom-provider-gitlab-duo/index.ts	bulb_coding_agent	example	pending		
packages/coding-agent/examples/extensions/custom-provider-gitlab-duo/package.json	bulb_coding_agent	example	pending		
packages/coding-agent/examples/extensions/custom-provider-gitlab-duo/test.ts	bulb_coding_agent	example	pending		
packages/coding-agent/examples/extensions/dirty-repo-guard.ts	bulb_coding_agent	example	pending		
packages/coding-agent/examples/extensions/doom-overlay/.gitignore	bulb_coding_agent	example	pending		
packages/coding-agent/examples/extensions/doom-overlay/README.md	bulb_coding_agent	example	pending		
packages/coding-agent/examples/extensions/doom-overlay/doom-component.ts	bulb_coding_agent	example	pending		
packages/coding-agent/examples/extensions/doom-overlay/doom-engine.ts	bulb_coding_agent	example	pending		
packages/coding-agent/examples/extensions/doom-overlay/doom-keys.ts	bulb_coding_agent	example	pending		
packages/coding-agent/examples/extensions/doom-overlay/doom/build.sh	bulb_coding_agent	example	pending		
packages/coding-agent/examples/extensions/doom-overlay/doom/build/doom.js	bulb_coding_agent	example	pending		
packages/coding-agent/examples/extensions/doom-overlay/doom/build/doom.wasm	bulb_coding_agent	example	pending		
packages/coding-agent/examples/extensions/doom-overlay/doom/doomgeneric_pi.c	bulb_coding_agent	example	pending		
packages/coding-agent/examples/extensions/doom-overlay/index.ts	bulb_coding_agent	example	pending		
packages/coding-agent/examples/extensions/doom-overlay/wad-finder.ts	bulb_coding_agent	example	pending		
packages/coding-agent/examples/extensions/dynamic-resources/SKILL.md	bulb_coding_agent	example	pending		
packages/coding-agent/examples/extensions/dynamic-resources/dynamic.json	bulb_coding_agent	example	pending		
packages/coding-agent/examples/extensions/dynamic-resources/dynamic.md	bulb_coding_agent	example	pending		
packages/coding-agent/examples/extensions/dynamic-resources/index.ts	bulb_coding_agent	example	pending		
packages/coding-agent/examples/extensions/dynamic-tools.ts	bulb_coding_agent	example	pending		
packages/coding-agent/examples/extensions/event-bus.ts	bulb_coding_agent	example	pending		
packages/coding-agent/examples/extensions/file-trigger.ts	bulb_coding_agent	example	pending		
packages/coding-agent/examples/extensions/git-checkpoint.ts	bulb_coding_agent	example	pending		
packages/coding-agent/examples/extensions/git-merge-and-resolve.ts	bulb_coding_agent	example	pending		
packages/coding-agent/examples/extensions/github-issue-autocomplete.ts	bulb_coding_agent	example	pending		
packages/coding-agent/examples/extensions/handoff.ts	bulb_coding_agent	example	pending		
packages/coding-agent/examples/extensions/hello.ts	bulb_coding_agent	example	pending		
packages/coding-agent/examples/extensions/hidden-thinking-label.ts	bulb_coding_agent	example	pending		
packages/coding-agent/examples/extensions/inline-bash.ts	bulb_coding_agent	example	pending		
packages/coding-agent/examples/extensions/input-transform-streaming.ts	bulb_coding_agent	example	pending		
packages/coding-agent/examples/extensions/input-transform.ts	bulb_coding_agent	example	pending		
packages/coding-agent/examples/extensions/interactive-shell.ts	bulb_coding_agent	example	pending		
packages/coding-agent/examples/extensions/mac-system-theme.ts	bulb_coding_agent	example	pending		
packages/coding-agent/examples/extensions/message-renderer.ts	bulb_coding_agent	example	pending		
packages/coding-agent/examples/extensions/minimal-mode.ts	bulb_coding_agent	example	pending		
packages/coding-agent/examples/extensions/modal-editor.ts	bulb_coding_agent	example	pending		
packages/coding-agent/examples/extensions/model-status.ts	bulb_coding_agent	example	pending		
packages/coding-agent/examples/extensions/notify.ts	bulb_coding_agent	example	pending		
packages/coding-agent/examples/extensions/overlay-qa-tests.ts	bulb_coding_agent	example	pending		
packages/coding-agent/examples/extensions/overlay-test.ts	bulb_coding_agent	example	pending		
packages/coding-agent/examples/extensions/permission-gate.ts	bulb_coding_agent	example	pending		
packages/coding-agent/examples/extensions/pirate.ts	bulb_coding_agent	example	pending		
packages/coding-agent/examples/extensions/plan-mode/README.md	bulb_coding_agent	example	pending		
packages/coding-agent/examples/extensions/plan-mode/index.ts	bulb_coding_agent	example	pending		
packages/coding-agent/examples/extensions/plan-mode/utils.ts	bulb_coding_agent	example	pending		
packages/coding-agent/examples/extensions/preset.ts	bulb_coding_agent	example	pending		
packages/coding-agent/examples/extensions/prompt-customizer.ts	bulb_coding_agent	example	pending		
packages/coding-agent/examples/extensions/protected-paths.ts	bulb_coding_agent	example	pending		
packages/coding-agent/examples/extensions/provider-payload.ts	bulb_coding_agent	example	pending		
packages/coding-agent/examples/extensions/qna.ts	bulb_coding_agent	example	pending		
packages/coding-agent/examples/extensions/question.ts	bulb_coding_agent	example	pending		
packages/coding-agent/examples/extensions/questionnaire.ts	bulb_coding_agent	example	pending		
packages/coding-agent/examples/extensions/rainbow-editor.ts	bulb_coding_agent	example	pending		
packages/coding-agent/examples/extensions/reload-runtime.ts	bulb_coding_agent	example	pending		
packages/coding-agent/examples/extensions/rpc-demo.ts	bulb_coding_agent	example	pending		
packages/coding-agent/examples/extensions/sandbox/.gitignore	bulb_coding_agent	example	pending		
packages/coding-agent/examples/extensions/sandbox/index.ts	bulb_coding_agent	example	pending		
packages/coding-agent/examples/extensions/sandbox/package-lock.json	bulb_coding_agent	example	pending		
packages/coding-agent/examples/extensions/sandbox/package.json	bulb_coding_agent	example	pending		
packages/coding-agent/examples/extensions/send-user-message.ts	bulb_coding_agent	example	pending		
packages/coding-agent/examples/extensions/session-name.ts	bulb_coding_agent	example	pending		
packages/coding-agent/examples/extensions/shutdown-command.ts	bulb_coding_agent	example	pending		
packages/coding-agent/examples/extensions/snake.ts	bulb_coding_agent	example	pending		
packages/coding-agent/examples/extensions/space-invaders.ts	bulb_coding_agent	example	pending		
packages/coding-agent/examples/extensions/ssh.ts	bulb_coding_agent	example	pending		
packages/coding-agent/examples/extensions/status-line.ts	bulb_coding_agent	example	pending		
packages/coding-agent/examples/extensions/structured-output.ts	bulb_coding_agent	example	pending		
packages/coding-agent/examples/extensions/subagent/README.md	bulb_coding_agent	example	pending		
packages/coding-agent/examples/extensions/subagent/agents.ts	bulb_coding_agent	example	pending		
packages/coding-agent/examples/extensions/subagent/agents/planner.md	bulb_coding_agent	example	pending		
packages/coding-agent/examples/extensions/subagent/agents/reviewer.md	bulb_coding_agent	example	pending		
packages/coding-agent/examples/extensions/subagent/agents/scout.md	bulb_coding_agent	example	pending		
packages/coding-agent/examples/extensions/subagent/agents/worker.md	bulb_coding_agent	example	pending		
packages/coding-agent/examples/extensions/subagent/index.ts	bulb_coding_agent	example	pending		
packages/coding-agent/examples/extensions/subagent/prompts/implement-and-review.md	bulb_coding_agent	example	pending		
packages/coding-agent/examples/extensions/subagent/prompts/implement.md	bulb_coding_agent	example	pending		
packages/coding-agent/examples/extensions/subagent/prompts/scout-and-plan.md	bulb_coding_agent	example	pending		
packages/coding-agent/examples/extensions/summarize.ts	bulb_coding_agent	example	pending		
packages/coding-agent/examples/extensions/system-prompt-header.ts	bulb_coding_agent	example	pending		
packages/coding-agent/examples/extensions/tic-tac-toe.ts	bulb_coding_agent	example	pending		
packages/coding-agent/examples/extensions/timed-confirm.ts	bulb_coding_agent	example	pending		
packages/coding-agent/examples/extensions/titlebar-spinner.ts	bulb_coding_agent	example	pending		
packages/coding-agent/examples/extensions/todo.ts	bulb_coding_agent	example	pending		
packages/coding-agent/examples/extensions/tool-override.ts	bulb_coding_agent	example	pending		
packages/coding-agent/examples/extensions/tools.ts	bulb_coding_agent	example	pending		
packages/coding-agent/examples/extensions/trigger-compact.ts	bulb_coding_agent	example	pending		
packages/coding-agent/examples/extensions/truncated-tool.ts	bulb_coding_agent	example	pending		
packages/coding-agent/examples/extensions/widget-placement.ts	bulb_coding_agent	example	pending		
packages/coding-agent/examples/extensions/with-deps/.gitignore	bulb_coding_agent	example	pending		
packages/coding-agent/examples/extensions/with-deps/index.ts	bulb_coding_agent	example	pending		
packages/coding-agent/examples/extensions/with-deps/package-lock.json	bulb_coding_agent	example	pending		
packages/coding-agent/examples/extensions/with-deps/package.json	bulb_coding_agent	example	pending		
packages/coding-agent/examples/extensions/working-indicator.ts	bulb_coding_agent	example	pending		
packages/coding-agent/examples/extensions/working-message-test.ts	bulb_coding_agent	example	pending		
packages/coding-agent/examples/rpc-extension-ui.ts	bulb_coding_agent	example	pending		
packages/coding-agent/examples/sdk/01-minimal.ts	bulb_coding_agent	example	pending		
packages/coding-agent/examples/sdk/02-custom-model.ts	bulb_coding_agent	example	pending		
packages/coding-agent/examples/sdk/03-custom-prompt.ts	bulb_coding_agent	example	pending		
packages/coding-agent/examples/sdk/04-skills.ts	bulb_coding_agent	example	pending		
packages/coding-agent/examples/sdk/05-tools.ts	bulb_coding_agent	example	pending		
packages/coding-agent/examples/sdk/06-extensions.ts	bulb_coding_agent	example	pending		
packages/coding-agent/examples/sdk/07-context-files.ts	bulb_coding_agent	example	pending		
packages/coding-agent/examples/sdk/08-prompt-templates.ts	bulb_coding_agent	example	pending		
packages/coding-agent/examples/sdk/09-api-keys-and-oauth.ts	bulb_coding_agent	example	pending		
packages/coding-agent/examples/sdk/10-settings.ts	bulb_coding_agent	example	pending		
packages/coding-agent/examples/sdk/11-sessions.ts	bulb_coding_agent	example	pending		
packages/coding-agent/examples/sdk/12-full-control.ts	bulb_coding_agent	example	pending		
packages/coding-agent/examples/sdk/13-session-runtime.ts	bulb_coding_agent	example	pending		
packages/coding-agent/examples/sdk/README.md	bulb_coding_agent	example	pending		
packages/coding-agent/npm-shrinkwrap.json	bulb_coding_agent	source	pending		
packages/coding-agent/package.json	bulb_coding_agent	source	pending		
packages/coding-agent/scripts/migrate-sessions.sh	bulb_coding_agent	source	pending		
packages/coding-agent/src/bun/cli.ts	bulb_coding_agent	source	pending		
packages/coding-agent/src/bun/register-bedrock.ts	bulb_coding_agent	source	pending		
packages/coding-agent/src/bun/restore-sandbox-env.ts	bulb_coding_agent	source	pending		
packages/coding-agent/src/cli.ts	bulb_coding_agent	source	pending		
packages/coding-agent/src/cli/args.ts	bulb_coding_agent	source	pending		
packages/coding-agent/src/cli/config-selector.ts	bulb_coding_agent	source	pending		
packages/coding-agent/src/cli/file-processor.ts	bulb_coding_agent	source	pending		
packages/coding-agent/src/cli/initial-message.ts	bulb_coding_agent	source	pending		
packages/coding-agent/src/cli/list-models.ts	bulb_coding_agent	source	pending		
packages/coding-agent/src/cli/session-picker.ts	bulb_coding_agent	source	pending		
packages/coding-agent/src/config.ts	bulb_coding_agent	source	pending		
packages/coding-agent/src/core/agent-session-runtime.ts	bulb_coding_agent	source	pending		
packages/coding-agent/src/core/agent-session-services.ts	bulb_coding_agent	source	pending		
packages/coding-agent/src/core/agent-session.ts	bulb_coding_agent	source	pending		
packages/coding-agent/src/core/auth-guidance.ts	bulb_coding_agent	source	pending		
packages/coding-agent/src/core/auth-storage.ts	bulb_coding_agent	source	pending		
packages/coding-agent/src/core/bash-executor.ts	bulb_coding_agent	source	pending		
packages/coding-agent/src/core/compaction/branch-summarization.ts	bulb_coding_agent	source	pending		
packages/coding-agent/src/core/compaction/compaction.ts	bulb_coding_agent	source	pending		
packages/coding-agent/src/core/compaction/index.ts	bulb_coding_agent	source	pending		
packages/coding-agent/src/core/compaction/utils.ts	bulb_coding_agent	source	pending		
packages/coding-agent/src/core/defaults.ts	bulb_coding_agent	source	pending		
packages/coding-agent/src/core/diagnostics.ts	bulb_coding_agent	source	pending		
packages/coding-agent/src/core/event-bus.ts	bulb_coding_agent	source	pending		
packages/coding-agent/src/core/exec.ts	bulb_coding_agent	source	pending		
packages/coding-agent/src/core/export-html/ansi-to-html.ts	bulb_coding_agent	source	pending		
packages/coding-agent/src/core/export-html/index.ts	bulb_coding_agent	source	pending		
packages/coding-agent/src/core/export-html/template.css	bulb_coding_agent	source	pending		
packages/coding-agent/src/core/export-html/template.html	bulb_coding_agent	source	pending		
packages/coding-agent/src/core/export-html/template.js	bulb_coding_agent	source	pending		
packages/coding-agent/src/core/export-html/tool-renderer.ts	bulb_coding_agent	source	pending		
packages/coding-agent/src/core/export-html/vendor/highlight.min.js	bulb_coding_agent	source	pending		
packages/coding-agent/src/core/export-html/vendor/marked.min.js	bulb_coding_agent	source	pending		
packages/coding-agent/src/core/extensions/index.ts	bulb_coding_agent	source	pending		
packages/coding-agent/src/core/extensions/loader.ts	bulb_coding_agent	source	pending		
packages/coding-agent/src/core/extensions/runner.ts	bulb_coding_agent	source	pending		
packages/coding-agent/src/core/extensions/types.ts	bulb_coding_agent	source	pending		
packages/coding-agent/src/core/extensions/wrapper.ts	bulb_coding_agent	source	pending		
packages/coding-agent/src/core/footer-data-provider.ts	bulb_coding_agent	source	pending		
packages/coding-agent/src/core/http-dispatcher.ts	bulb_coding_agent	source	pending		
packages/coding-agent/src/core/index.ts	bulb_coding_agent	source	pending		
packages/coding-agent/src/core/keybindings.ts	bulb_coding_agent	source	pending		
packages/coding-agent/src/core/messages.ts	bulb_coding_agent	source	pending		
packages/coding-agent/src/core/model-registry.ts	bulb_coding_agent	source	pending		
packages/coding-agent/src/core/model-resolver.ts	bulb_coding_agent	source	pending		
packages/coding-agent/src/core/output-guard.ts	bulb_coding_agent	source	pending		
packages/coding-agent/src/core/package-manager.ts	bulb_coding_agent	source	pending		
packages/coding-agent/src/core/prompt-templates.ts	bulb_coding_agent	source	pending		
packages/coding-agent/src/core/provider-display-names.ts	bulb_coding_agent	source	pending		
packages/coding-agent/src/core/resolve-config-value.ts	bulb_coding_agent	source	pending		
packages/coding-agent/src/core/resource-loader.ts	bulb_coding_agent	source	pending		
packages/coding-agent/src/core/sdk.ts	bulb_coding_agent	source	pending		
packages/coding-agent/src/core/session-cwd.ts	bulb_coding_agent	source	pending		
packages/coding-agent/src/core/session-manager.ts	bulb_coding_agent	source	pending		
packages/coding-agent/src/core/settings-manager.ts	bulb_coding_agent	source	pending		
packages/coding-agent/src/core/skills.ts	bulb_coding_agent	source	pending		
packages/coding-agent/src/core/slash-commands.ts	bulb_coding_agent	source	pending		
packages/coding-agent/src/core/source-info.ts	bulb_coding_agent	source	pending		
packages/coding-agent/src/core/system-prompt.ts	bulb_coding_agent	source	pending		
packages/coding-agent/src/core/telemetry.ts	bulb_coding_agent	source	pending		
packages/coding-agent/src/core/timings.ts	bulb_coding_agent	source	pending		
packages/coding-agent/src/core/tools/bash.ts	bulb_coding_agent	source	pending		
packages/coding-agent/src/core/tools/edit-diff.ts	bulb_coding_agent	source	pending		
packages/coding-agent/src/core/tools/edit.ts	bulb_coding_agent	source	pending		
packages/coding-agent/src/core/tools/file-mutation-queue.ts	bulb_coding_agent	source	pending		
packages/coding-agent/src/core/tools/find.ts	bulb_coding_agent	source	pending		
packages/coding-agent/src/core/tools/grep.ts	bulb_coding_agent	source	pending		
packages/coding-agent/src/core/tools/index.ts	bulb_coding_agent	source	pending		
packages/coding-agent/src/core/tools/ls.ts	bulb_coding_agent	source	pending		
packages/coding-agent/src/core/tools/output-accumulator.ts	bulb_coding_agent	source	pending		
packages/coding-agent/src/core/tools/path-utils.ts	bulb_coding_agent	source	pending		
packages/coding-agent/src/core/tools/read.ts	bulb_coding_agent	source	pending		
packages/coding-agent/src/core/tools/render-utils.ts	bulb_coding_agent	source	pending		
packages/coding-agent/src/core/tools/tool-definition-wrapper.ts	bulb_coding_agent	source	pending		
packages/coding-agent/src/core/tools/truncate.ts	bulb_coding_agent	source	pending		
packages/coding-agent/src/core/tools/write.ts	bulb_coding_agent	source	pending		
packages/coding-agent/src/index.ts	bulb_coding_agent	source	pending		
packages/coding-agent/src/main.ts	bulb_coding_agent	source	pending		
packages/coding-agent/src/migrations.ts	bulb_coding_agent	source	pending		
packages/coding-agent/src/modes/index.ts	bulb_coding_agent	source	pending		
packages/coding-agent/src/modes/interactive/assets/clankolas.png	bulb_coding_agent	source	pending		
packages/coding-agent/src/modes/interactive/components/armin.ts	bulb_coding_agent	source	pending		
packages/coding-agent/src/modes/interactive/components/assistant-message.ts	bulb_coding_agent	source	pending		
packages/coding-agent/src/modes/interactive/components/bash-execution.ts	bulb_coding_agent	source	pending		
packages/coding-agent/src/modes/interactive/components/bordered-loader.ts	bulb_coding_agent	source	pending		
packages/coding-agent/src/modes/interactive/components/branch-summary-message.ts	bulb_coding_agent	source	pending		
packages/coding-agent/src/modes/interactive/components/compaction-summary-message.ts	bulb_coding_agent	source	pending		
packages/coding-agent/src/modes/interactive/components/config-selector.ts	bulb_coding_agent	source	pending		
packages/coding-agent/src/modes/interactive/components/countdown-timer.ts	bulb_coding_agent	source	pending		
packages/coding-agent/src/modes/interactive/components/custom-editor.ts	bulb_coding_agent	source	pending		
packages/coding-agent/src/modes/interactive/components/custom-message.ts	bulb_coding_agent	source	pending		
packages/coding-agent/src/modes/interactive/components/daxnuts.ts	bulb_coding_agent	source	pending		
packages/coding-agent/src/modes/interactive/components/diff.ts	bulb_coding_agent	source	pending		
packages/coding-agent/src/modes/interactive/components/dynamic-border.ts	bulb_coding_agent	source	pending		
packages/coding-agent/src/modes/interactive/components/earendil-announcement.ts	bulb_coding_agent	source	pending		
packages/coding-agent/src/modes/interactive/components/extension-editor.ts	bulb_coding_agent	source	pending		
packages/coding-agent/src/modes/interactive/components/extension-input.ts	bulb_coding_agent	source	pending		
packages/coding-agent/src/modes/interactive/components/extension-selector.ts	bulb_coding_agent	source	pending		
packages/coding-agent/src/modes/interactive/components/footer.ts	bulb_coding_agent	source	pending		
packages/coding-agent/src/modes/interactive/components/index.ts	bulb_coding_agent	source	pending		
packages/coding-agent/src/modes/interactive/components/keybinding-hints.ts	bulb_coding_agent	source	pending		
packages/coding-agent/src/modes/interactive/components/login-dialog.ts	bulb_coding_agent	source	pending		
packages/coding-agent/src/modes/interactive/components/model-selector.ts	bulb_coding_agent	source	pending		
packages/coding-agent/src/modes/interactive/components/oauth-selector.ts	bulb_coding_agent	source	pending		
packages/coding-agent/src/modes/interactive/components/scoped-models-selector.ts	bulb_coding_agent	source	pending		
packages/coding-agent/src/modes/interactive/components/session-selector-search.ts	bulb_coding_agent	source	pending		
packages/coding-agent/src/modes/interactive/components/session-selector.ts	bulb_coding_agent	source	pending		
packages/coding-agent/src/modes/interactive/components/settings-selector.ts	bulb_coding_agent	source	pending		
packages/coding-agent/src/modes/interactive/components/show-images-selector.ts	bulb_coding_agent	source	pending		
packages/coding-agent/src/modes/interactive/components/skill-invocation-message.ts	bulb_coding_agent	source	pending		
packages/coding-agent/src/modes/interactive/components/theme-selector.ts	bulb_coding_agent	source	pending		
packages/coding-agent/src/modes/interactive/components/thinking-selector.ts	bulb_coding_agent	source	pending		
packages/coding-agent/src/modes/interactive/components/tool-execution.ts	bulb_coding_agent	source	pending		
packages/coding-agent/src/modes/interactive/components/tree-selector.ts	bulb_coding_agent	source	pending		
packages/coding-agent/src/modes/interactive/components/user-message-selector.ts	bulb_coding_agent	source	pending		
packages/coding-agent/src/modes/interactive/components/user-message.ts	bulb_coding_agent	source	pending		
packages/coding-agent/src/modes/interactive/components/visual-truncate.ts	bulb_coding_agent	source	pending		
packages/coding-agent/src/modes/interactive/interactive-mode.ts	bulb_coding_agent	source	pending		
packages/coding-agent/src/modes/interactive/theme/dark.json	bulb_coding_agent	source	pending		
packages/coding-agent/src/modes/interactive/theme/light.json	bulb_coding_agent	source	pending		
packages/coding-agent/src/modes/interactive/theme/theme-schema.json	bulb_coding_agent	source	pending		
packages/coding-agent/src/modes/interactive/theme/theme.ts	bulb_coding_agent	source	pending		
packages/coding-agent/src/modes/print-mode.ts	bulb_coding_agent	source	pending		
packages/coding-agent/src/modes/rpc/jsonl.ts	bulb_coding_agent	source	pending		
packages/coding-agent/src/modes/rpc/rpc-client.ts	bulb_coding_agent	source	pending		
packages/coding-agent/src/modes/rpc/rpc-mode.ts	bulb_coding_agent	source	pending		
packages/coding-agent/src/modes/rpc/rpc-types.ts	bulb_coding_agent	source	pending		
packages/coding-agent/src/package-manager-cli.ts	bulb_coding_agent	source	pending		
packages/coding-agent/src/utils/ansi.ts	bulb_coding_agent	source	pending		
packages/coding-agent/src/utils/changelog.ts	bulb_coding_agent	source	pending		
packages/coding-agent/src/utils/child-process.ts	bulb_coding_agent	source	pending		
packages/coding-agent/src/utils/clipboard-image.ts	bulb_coding_agent	source	pending		
packages/coding-agent/src/utils/clipboard-native.ts	bulb_coding_agent	source	pending		
packages/coding-agent/src/utils/clipboard.ts	bulb_coding_agent	source	pending		
packages/coding-agent/src/utils/deprecation.ts	bulb_coding_agent	source	pending		
packages/coding-agent/src/utils/exif-orientation.ts	bulb_coding_agent	source	pending		
packages/coding-agent/src/utils/frontmatter.ts	bulb_coding_agent	source	pending		
packages/coding-agent/src/utils/fs-watch.ts	bulb_coding_agent	source	pending		
packages/coding-agent/src/utils/git.ts	bulb_coding_agent	source	pending		
packages/coding-agent/src/utils/highlight-js-lib-index.d.ts	bulb_coding_agent	source	pending		
packages/coding-agent/src/utils/html.ts	bulb_coding_agent	source	pending		
packages/coding-agent/src/utils/image-convert.ts	bulb_coding_agent	source	pending		
packages/coding-agent/src/utils/image-resize-core.ts	bulb_coding_agent	source	pending		
packages/coding-agent/src/utils/image-resize-worker.ts	bulb_coding_agent	source	pending		
packages/coding-agent/src/utils/image-resize.ts	bulb_coding_agent	source	pending		
packages/coding-agent/src/utils/json.ts	bulb_coding_agent	source	pending		
packages/coding-agent/src/utils/mime.ts	bulb_coding_agent	source	pending		
packages/coding-agent/src/utils/paths.ts	bulb_coding_agent	source	pending		
packages/coding-agent/src/utils/photon.ts	bulb_coding_agent	source	pending		
packages/coding-agent/src/utils/pi-user-agent.ts	bulb_coding_agent	source	pending		
packages/coding-agent/src/utils/shell.ts	bulb_coding_agent	source	pending		
packages/coding-agent/src/utils/sleep.ts	bulb_coding_agent	source	pending		
packages/coding-agent/src/utils/syntax-highlight.ts	bulb_coding_agent	source	pending		
packages/coding-agent/src/utils/tools-manager.ts	bulb_coding_agent	source	pending		
packages/coding-agent/src/utils/version-check.ts	bulb_coding_agent	source	pending		
packages/coding-agent/src/utils/windows-self-update.ts	bulb_coding_agent	source	pending		
packages/coding-agent/test/agent-session-auto-compaction-queue.test.ts	bulb_coding_agent	test	pending		
packages/coding-agent/test/agent-session-branching.test.ts	bulb_coding_agent	test	pending		
packages/coding-agent/test/agent-session-compaction.test.ts	bulb_coding_agent	test	pending		
packages/coding-agent/test/agent-session-concurrent.test.ts	bulb_coding_agent	test	pending		
packages/coding-agent/test/agent-session-dynamic-provider.test.ts	bulb_coding_agent	test	pending		
packages/coding-agent/test/agent-session-dynamic-tools.test.ts	bulb_coding_agent	test	pending		
packages/coding-agent/test/agent-session-retry.test.ts	bulb_coding_agent	test	pending		
packages/coding-agent/test/agent-session-runtime-events.test.ts	bulb_coding_agent	test	pending		
packages/coding-agent/test/agent-session-stats.test.ts	bulb_coding_agent	test	pending		
packages/coding-agent/test/agent-session-tree-navigation.test.ts	bulb_coding_agent	test	pending		
packages/coding-agent/test/ansi-utils.test.ts	bulb_coding_agent	test	pending		
packages/coding-agent/test/args.test.ts	bulb_coding_agent	test	pending		
packages/coding-agent/test/assistant-message.test.ts	bulb_coding_agent	test	pending		
packages/coding-agent/test/auth-storage.test.ts	bulb_coding_agent	test	pending		
packages/coding-agent/test/bash-close-hang-windows.test.ts	bulb_coding_agent	test	pending		
packages/coding-agent/test/bash-execution-width.test.ts	bulb_coding_agent	test	pending		
packages/coding-agent/test/block-images.test.ts	bulb_coding_agent	test	pending		
packages/coding-agent/test/clipboard-image-bmp-conversion.test.ts	bulb_coding_agent	test	pending		
packages/coding-agent/test/clipboard-image.test.ts	bulb_coding_agent	test	pending		
packages/coding-agent/test/clipboard-native.test.ts	bulb_coding_agent	test	pending		
packages/coding-agent/test/clipboard.test.ts	bulb_coding_agent	test	pending		
packages/coding-agent/test/compaction-extensions-example.test.ts	bulb_coding_agent	test	pending		
packages/coding-agent/test/compaction-extensions.test.ts	bulb_coding_agent	test	pending		
packages/coding-agent/test/compaction-serialization.test.ts	bulb_coding_agent	test	pending		
packages/coding-agent/test/compaction-summary-reasoning.test.ts	bulb_coding_agent	test	pending		
packages/coding-agent/test/compaction.test.ts	bulb_coding_agent	test	pending		
packages/coding-agent/test/config-value-migration.test.ts	bulb_coding_agent	test	pending		
packages/coding-agent/test/config.test.ts	bulb_coding_agent	test	pending		
packages/coding-agent/test/edit-tool-legacy-input.test.ts	bulb_coding_agent	test	pending		
packages/coding-agent/test/edit-tool-no-full-redraw.test.ts	bulb_coding_agent	test	pending		
packages/coding-agent/test/export-html-skill-block.test.ts	bulb_coding_agent	test	pending		
packages/coding-agent/test/export-html-whitespace.test.ts	bulb_coding_agent	test	pending		
packages/coding-agent/test/export-html-xss.test.ts	bulb_coding_agent	test	pending		
packages/coding-agent/test/extensions-discovery.test.ts	bulb_coding_agent	test	pending		
packages/coding-agent/test/extensions-input-event.test.ts	bulb_coding_agent	test	pending		
packages/coding-agent/test/extensions-runner.test.ts	bulb_coding_agent	test	pending		
packages/coding-agent/test/file-mutation-queue.test.ts	bulb_coding_agent	test	pending		
packages/coding-agent/test/fixtures/assistant-message-with-thinking-code.json	bulb_coding_agent	fixture	pending		
packages/coding-agent/test/fixtures/before-compaction.jsonl	bulb_coding_agent	fixture	pending		
packages/coding-agent/test/fixtures/empty-agent/.gitkeep	bulb_coding_agent	fixture	pending		
packages/coding-agent/test/fixtures/empty-cwd/.gitkeep	bulb_coding_agent	fixture	pending		
packages/coding-agent/test/fixtures/large-session.jsonl	bulb_coding_agent	fixture	pending		
packages/coding-agent/test/fixtures/skills-collision/first/calendar/SKILL.md	bulb_coding_agent	fixture	pending		
packages/coding-agent/test/fixtures/skills-collision/second/calendar/SKILL.md	bulb_coding_agent	fixture	pending		
packages/coding-agent/test/fixtures/skills/consecutive-hyphens/SKILL.md	bulb_coding_agent	fixture	pending		
packages/coding-agent/test/fixtures/skills/disable-model-invocation/SKILL.md	bulb_coding_agent	fixture	pending		
packages/coding-agent/test/fixtures/skills/invalid-name-chars/SKILL.md	bulb_coding_agent	fixture	pending		
packages/coding-agent/test/fixtures/skills/invalid-yaml/SKILL.md	bulb_coding_agent	fixture	pending		
packages/coding-agent/test/fixtures/skills/long-name/SKILL.md	bulb_coding_agent	fixture	pending		
packages/coding-agent/test/fixtures/skills/missing-description/SKILL.md	bulb_coding_agent	fixture	pending		
packages/coding-agent/test/fixtures/skills/multiline-description/SKILL.md	bulb_coding_agent	fixture	pending		
packages/coding-agent/test/fixtures/skills/name-mismatch/SKILL.md	bulb_coding_agent	fixture	pending		
packages/coding-agent/test/fixtures/skills/nested/child-skill/SKILL.md	bulb_coding_agent	fixture	pending		
packages/coding-agent/test/fixtures/skills/no-frontmatter/SKILL.md	bulb_coding_agent	fixture	pending		
packages/coding-agent/test/fixtures/skills/root-skill-preferred/SKILL.md	bulb_coding_agent	fixture	pending		
packages/coding-agent/test/fixtures/skills/root-skill-preferred/nested-child/SKILL.md	bulb_coding_agent	fixture	pending		
packages/coding-agent/test/fixtures/skills/unknown-field/SKILL.md	bulb_coding_agent	fixture	pending		
packages/coding-agent/test/fixtures/skills/valid-skill/SKILL.md	bulb_coding_agent	fixture	pending		
packages/coding-agent/test/footer-data-provider.test.ts	bulb_coding_agent	test	pending		
packages/coding-agent/test/footer-width.test.ts	bulb_coding_agent	test	pending		
packages/coding-agent/test/format-resume-command.test.ts	bulb_coding_agent	test	pending		
packages/coding-agent/test/frontmatter.test.ts	bulb_coding_agent	test	pending		
packages/coding-agent/test/git-merge-and-resolve-extension.test.ts	bulb_coding_agent	test	pending		
packages/coding-agent/test/git-ssh-url.test.ts	bulb_coding_agent	test	pending		
packages/coding-agent/test/git-update.test.ts	bulb_coding_agent	test	pending		
packages/coding-agent/test/image-processing.test.ts	bulb_coding_agent	test	pending		
packages/coding-agent/test/image-resize-callers.test.ts	bulb_coding_agent	test	pending		
packages/coding-agent/test/initial-message.test.ts	bulb_coding_agent	test	pending		
packages/coding-agent/test/input-transform-streaming-example.test.ts	bulb_coding_agent	test	pending		
packages/coding-agent/test/interactive-mode-anthropic-warning.test.ts	bulb_coding_agent	test	pending		
packages/coding-agent/test/interactive-mode-clone-command.test.ts	bulb_coding_agent	test	pending		
packages/coding-agent/test/interactive-mode-compaction.test.ts	bulb_coding_agent	test	pending		
packages/coding-agent/test/interactive-mode-import-command.test.ts	bulb_coding_agent	test	pending		
packages/coding-agent/test/interactive-mode-startup-input.test.ts	bulb_coding_agent	test	pending		
packages/coding-agent/test/interactive-mode-status.test.ts	bulb_coding_agent	test	pending		
packages/coding-agent/test/interactive-mode-suspend.test.ts	bulb_coding_agent	test	pending		
packages/coding-agent/test/keybindings-migration.test.ts	bulb_coding_agent	test	pending		
packages/coding-agent/test/model-registry.test.ts	bulb_coding_agent	test	pending		
packages/coding-agent/test/model-resolver.test.ts	bulb_coding_agent	test	pending		
packages/coding-agent/test/oauth-selector.test.ts	bulb_coding_agent	test	pending		
packages/coding-agent/test/package-command-paths.test.ts	bulb_coding_agent	test	pending		
packages/coding-agent/test/package-manager-ssh.test.ts	bulb_coding_agent	test	pending		
packages/coding-agent/test/package-manager.test.ts	bulb_coding_agent	test	pending		
packages/coding-agent/test/path-utils.test.ts	bulb_coding_agent	test	pending		
packages/coding-agent/test/paths.test.ts	bulb_coding_agent	test	pending		
packages/coding-agent/test/pi-user-agent.test.ts	bulb_coding_agent	test	pending		
packages/coding-agent/test/plan-mode-utils.test.ts	bulb_coding_agent	test	pending		
packages/coding-agent/test/print-mode.test.ts	bulb_coding_agent	test	pending		
packages/coding-agent/test/prompt-templates.test.ts	bulb_coding_agent	test	pending		
packages/coding-agent/test/resource-loader.test.ts	bulb_coding_agent	test	pending		
packages/coding-agent/test/restore-sandbox-env.test.ts	bulb_coding_agent	test	pending		
packages/coding-agent/test/rpc-client-clone.test.ts	bulb_coding_agent	test	pending		
packages/coding-agent/test/rpc-client-process-exit.test.ts	bulb_coding_agent	test	pending		
packages/coding-agent/test/rpc-example.ts	bulb_coding_agent	test	pending		
packages/coding-agent/test/rpc-jsonl.test.ts	bulb_coding_agent	test	pending		
packages/coding-agent/test/rpc-prompt-response-semantics.test.ts	bulb_coding_agent	test	pending		
packages/coding-agent/test/rpc.test.ts	bulb_coding_agent	test	pending		
packages/coding-agent/test/sdk-codex-cache-probe-tool-loop.ts	bulb_coding_agent	test	pending		
packages/coding-agent/test/sdk-openrouter-attribution.test.ts	bulb_coding_agent	test	pending		
packages/coding-agent/test/sdk-session-manager.test.ts	bulb_coding_agent	test	pending		
packages/coding-agent/test/sdk-skills.test.ts	bulb_coding_agent	test	pending		
packages/coding-agent/test/sdk-stream-options.test.ts	bulb_coding_agent	test	pending		
packages/coding-agent/test/session-cwd.test.ts	bulb_coding_agent	test	pending		
packages/coding-agent/test/session-id-readonly.test.ts	bulb_coding_agent	test	pending		
packages/coding-agent/test/session-info-modified-timestamp.test.ts	bulb_coding_agent	test	pending		
packages/coding-agent/test/session-manager/build-context.test.ts	bulb_coding_agent	test	pending		
packages/coding-agent/test/session-manager/custom-session-id.test.ts	bulb_coding_agent	test	pending		
packages/coding-agent/test/session-manager/file-operations.test.ts	bulb_coding_agent	test	pending		
packages/coding-agent/test/session-manager/labels.test.ts	bulb_coding_agent	test	pending		
packages/coding-agent/test/session-manager/migration.test.ts	bulb_coding_agent	test	pending		
packages/coding-agent/test/session-manager/save-entry.test.ts	bulb_coding_agent	test	pending		
packages/coding-agent/test/session-manager/tree-traversal.test.ts	bulb_coding_agent	test	pending		
packages/coding-agent/test/session-selector-path-delete.test.ts	bulb_coding_agent	test	pending		
packages/coding-agent/test/session-selector-rename.test.ts	bulb_coding_agent	test	pending		
packages/coding-agent/test/session-selector-search.test.ts	bulb_coding_agent	test	pending		
packages/coding-agent/test/settings-manager-bug.test.ts	bulb_coding_agent	test	pending		
packages/coding-agent/test/settings-manager.test.ts	bulb_coding_agent	test	pending		
packages/coding-agent/test/skills.test.ts	bulb_coding_agent	test	pending		
packages/coding-agent/test/startup-session-name.test.ts	bulb_coding_agent	test	pending		
packages/coding-agent/test/stdout-cleanliness.test.ts	bulb_coding_agent	test	pending		
packages/coding-agent/test/streaming-render-debug.ts	bulb_coding_agent	test	pending		
packages/coding-agent/test/suite/README.md	bulb_coding_agent	test	pending		
packages/coding-agent/test/suite/agent-session-bash-persistence.test.ts	bulb_coding_agent	test	pending		
packages/coding-agent/test/suite/agent-session-compaction.test.ts	bulb_coding_agent	test	pending		
packages/coding-agent/test/suite/agent-session-model-extension.test.ts	bulb_coding_agent	test	pending		
packages/coding-agent/test/suite/agent-session-prompt.test.ts	bulb_coding_agent	test	pending		
packages/coding-agent/test/suite/agent-session-queue.test.ts	bulb_coding_agent	test	pending		
packages/coding-agent/test/suite/agent-session-retry-events.test.ts	bulb_coding_agent	test	pending		
packages/coding-agent/test/suite/agent-session-runtime.test.ts	bulb_coding_agent	test	pending		
packages/coding-agent/test/suite/harness.ts	bulb_coding_agent	test	pending		
packages/coding-agent/test/suite/regressions/1717-2113-agent-session-event-settlement.test.ts	bulb_coding_agent	test	pending		
packages/coding-agent/test/suite/regressions/2023-queued-slash-command-followup.test.ts	bulb_coding_agent	test	pending		
packages/coding-agent/test/suite/regressions/2753-reload-stale-resource-settings.test.ts	bulb_coding_agent	test	pending		
packages/coding-agent/test/suite/regressions/2781-skill-collision-precedence.test.ts	bulb_coding_agent	test	pending		
packages/coding-agent/test/suite/regressions/2791-fswatch-error-crash.test.ts	bulb_coding_agent	test	pending		
packages/coding-agent/test/suite/regressions/2835-tools-allowlist-filters-extension-tools.test.ts	bulb_coding_agent	test	pending		
packages/coding-agent/test/suite/regressions/2860-replaced-session-context.test.ts	bulb_coding_agent	test	pending		
packages/coding-agent/test/suite/regressions/3217-scoped-model-order.test.ts	bulb_coding_agent	test	pending		
packages/coding-agent/test/suite/regressions/3302-find-path-glob.test.ts	bulb_coding_agent	test	pending		
packages/coding-agent/test/suite/regressions/3303-find-nested-gitignore.test.ts	bulb_coding_agent	test	pending		
packages/coding-agent/test/suite/regressions/3317-network-connection-lost-retry.test.ts	bulb_coding_agent	test	pending		
packages/coding-agent/test/suite/regressions/3592-no-builtin-tools-keeps-extension-tools.test.ts	bulb_coding_agent	test	pending		
packages/coding-agent/test/suite/regressions/3616-settings-inmemory-reload.test.ts	bulb_coding_agent	test	pending		
packages/coding-agent/test/suite/regressions/3686-session-name-event.test.ts	bulb_coding_agent	test	pending		
packages/coding-agent/test/suite/regressions/3688-tree-cancel-compacting.test.ts	bulb_coding_agent	test	pending		
packages/coding-agent/test/suite/regressions/3982-message-end-cost-override.test.ts	bulb_coding_agent	test	pending		
packages/coding-agent/test/suite/regressions/4167-thinking-toggle-pending-tool-render.test.ts	bulb_coding_agent	test	pending		
packages/coding-agent/test/suite/regressions/5080-signal-shutdown-extension-cleanup.test.ts	bulb_coding_agent	test	pending		
packages/coding-agent/test/suite/regressions/5109-exclude-tools.test.ts	bulb_coding_agent	test	pending		
packages/coding-agent/test/syntax-highlight.test.ts	bulb_coding_agent	test	pending		
packages/coding-agent/test/system-prompt.test.ts	bulb_coding_agent	test	pending		
packages/coding-agent/test/test-harness.test.ts	bulb_coding_agent	test	pending		
packages/coding-agent/test/test-harness.ts	bulb_coding_agent	test	pending		
packages/coding-agent/test/test-theme-colors.ts	bulb_coding_agent	test	pending		
packages/coding-agent/test/theme-detection.test.ts	bulb_coding_agent	test	pending		
packages/coding-agent/test/theme-export.test.ts	bulb_coding_agent	test	pending		
packages/coding-agent/test/theme-picker.test.ts	bulb_coding_agent	test	pending		
packages/coding-agent/test/tool-execution-component.test.ts	bulb_coding_agent	test	pending		
packages/coding-agent/test/tools.test.ts	bulb_coding_agent	test	pending		
packages/coding-agent/test/tree-selector.test.ts	bulb_coding_agent	test	pending		
packages/coding-agent/test/trigger-compact-extension.test.ts	bulb_coding_agent	test	pending		
packages/coding-agent/test/truncate-to-width.test.ts	bulb_coding_agent	test	pending		
packages/coding-agent/test/user-message.test.ts	bulb_coding_agent	test	pending		
packages/coding-agent/test/utilities.ts	bulb_coding_agent	test	pending		
packages/coding-agent/test/version-check.test.ts	bulb_coding_agent	test	pending		
packages/coding-agent/tsconfig.build.json	bulb_coding_agent	source	pending		
packages/coding-agent/tsconfig.examples.json	bulb_coding_agent	source	pending		
packages/coding-agent/vitest.config.ts	bulb_coding_agent	source	pending		
packages/tui/CHANGELOG.md	bulb_tui	doc	pending		
packages/tui/README.md	bulb_tui	doc	pending		
packages/tui/native/darwin/prebuilds/darwin-arm64/darwin-modifiers.node	bulb_tui	source	pending		
packages/tui/native/darwin/prebuilds/darwin-x64/darwin-modifiers.node	bulb_tui	source	pending		
packages/tui/native/darwin/src/darwin-modifiers.c	bulb_tui	source	pending		
packages/tui/native/win32/prebuilds/win32-arm64/win32-console-mode.node	bulb_tui	source	pending		
packages/tui/native/win32/prebuilds/win32-x64/win32-console-mode.node	bulb_tui	source	pending		
packages/tui/native/win32/src/win32-console-mode.c	bulb_tui	source	pending		
packages/tui/package.json	bulb_tui	source	pending		
packages/tui/src/autocomplete.ts	bulb_tui	source	pending		
packages/tui/src/components/box.ts	bulb_tui	source	pending		
packages/tui/src/components/cancellable-loader.ts	bulb_tui	source	pending		
packages/tui/src/components/editor.ts	bulb_tui	source	pending		
packages/tui/src/components/image.ts	bulb_tui	source	pending		
packages/tui/src/components/input.ts	bulb_tui	source	pending		
packages/tui/src/components/loader.ts	bulb_tui	source	pending		
packages/tui/src/components/markdown.ts	bulb_tui	source	pending		
packages/tui/src/components/select-list.ts	bulb_tui	source	pending		
packages/tui/src/components/settings-list.ts	bulb_tui	source	pending		
packages/tui/src/components/spacer.ts	bulb_tui	source	pending		
packages/tui/src/components/text.ts	bulb_tui	source	pending		
packages/tui/src/components/truncated-text.ts	bulb_tui	source	pending		
packages/tui/src/editor-component.ts	bulb_tui	source	pending		
packages/tui/src/fuzzy.ts	bulb_tui	source	pending		
packages/tui/src/index.ts	bulb_tui	source	pending		
packages/tui/src/keybindings.ts	bulb_tui	source	pending		
packages/tui/src/keys.ts	bulb_tui	source	pending		
packages/tui/src/kill-ring.ts	bulb_tui	source	pending		
packages/tui/src/native-modifiers.ts	bulb_tui	source	pending		
packages/tui/src/stdin-buffer.ts	bulb_tui	source	pending		
packages/tui/src/terminal-image.ts	bulb_tui	source	pending		
packages/tui/src/terminal.ts	bulb_tui	source	pending		
packages/tui/src/tui.ts	bulb_tui	source	pending		
packages/tui/src/undo-stack.ts	bulb_tui	source	pending		
packages/tui/src/utils.ts	bulb_tui	source	in_progress	src/bulb_tui/root.zig	Visible-width behavior started
packages/tui/src/word-navigation.ts	bulb_tui	source	pending		
packages/tui/test/autocomplete.test.ts	bulb_tui	test	pending		
packages/tui/test/bug-regression-isimageline-startswith-bug.test.ts	bulb_tui	test	pending		
packages/tui/test/chat-simple.ts	bulb_tui	test	pending		
packages/tui/test/editor.test.ts	bulb_tui	test	pending		
packages/tui/test/fuzzy.test.ts	bulb_tui	test	pending		
packages/tui/test/image-test.ts	bulb_tui	test	pending		
packages/tui/test/input.test.ts	bulb_tui	test	pending		
packages/tui/test/key-tester.ts	bulb_tui	test	pending		
packages/tui/test/keybindings.test.ts	bulb_tui	test	pending		
packages/tui/test/keys.test.ts	bulb_tui	test	pending		
packages/tui/test/markdown.test.ts	bulb_tui	test	pending		
packages/tui/test/overlay-non-capturing.test.ts	bulb_tui	test	pending		
packages/tui/test/overlay-options.test.ts	bulb_tui	test	pending		
packages/tui/test/overlay-short-content.test.ts	bulb_tui	test	pending		
packages/tui/test/regression-regional-indicator-width.test.ts	bulb_tui	test	in_progress	src/bulb_tui/root.zig	Regional-indicator regression cases started
packages/tui/test/select-list.test.ts	bulb_tui	test	pending		
packages/tui/test/stdin-buffer.test.ts	bulb_tui	test	pending		
packages/tui/test/terminal-image.test.ts	bulb_tui	test	pending		
packages/tui/test/terminal.test.ts	bulb_tui	test	pending		
packages/tui/test/test-themes.ts	bulb_tui	test	pending		
packages/tui/test/truncate-to-width.test.ts	bulb_tui	test	in_progress	src/bulb_tui/root.zig	Visible-width subset started
packages/tui/test/truncated-text.test.ts	bulb_tui	test	pending		
packages/tui/test/tui-cell-size-input.test.ts	bulb_tui	test	pending		
packages/tui/test/tui-overlay-style-leak.test.ts	bulb_tui	test	pending		
packages/tui/test/tui-render.test.ts	bulb_tui	test	pending		
packages/tui/test/viewport-overwrite-repro.ts	bulb_tui	test	pending		
packages/tui/test/virtual-terminal.ts	bulb_tui	test	pending		
packages/tui/test/word-navigation.test.ts	bulb_tui	test	pending		
packages/tui/test/wrap-ansi.test.ts	bulb_tui	test	pending		
packages/tui/tsconfig.build.json	bulb_tui	source	pending		
packages/tui/vitest.config.ts	bulb_tui	source	pending		
pi-test.bat	root	source	pending		
pi-test.ps1	root	source	pending		
pi-test.sh	root	source	pending		
scripts/browser-smoke-entry.ts	tooling	tooling	pending		
scripts/build-binaries.sh	tooling	tooling	pending		
scripts/check-browser-smoke.mjs	tooling	tooling	pending		
scripts/check-lockfile-commit.mjs	tooling	tooling	pending		
scripts/check-pinned-deps.mjs	tooling	tooling	pending		
scripts/check-ts-relative-imports.mjs	tooling	tooling	pending		
scripts/cost.ts	tooling	tooling	pending		
scripts/edit-tool-stats.mjs	tooling	tooling	pending		
scripts/generate-coding-agent-shrinkwrap.mjs	tooling	tooling	pending		
scripts/local-release.mjs	tooling	tooling	pending		
scripts/profile-coding-agent-node.mjs	tooling	tooling	pending		
scripts/publish.mjs	tooling	tooling	pending		
scripts/read-tool-stats.mjs	tooling	tooling	pending		
scripts/release.mjs	tooling	tooling	pending		
scripts/session-context-stats.mjs	tooling	tooling	pending		
scripts/session-transcripts.ts	tooling	tooling	pending		
scripts/stats.ts	tooling	tooling	pending		
scripts/sync-versions.js	tooling	tooling	pending		
scripts/tool-stats.ts	tooling	tooling	pending		
scripts/update-source-imports-to-ts.sh	tooling	tooling	pending		
test.sh	root	source	pending		
tsconfig.base.json	root	source	pending		
tsconfig.json	root	source	pending		
